{
  "title": "Foundations of Data Science: LLN, Gaussian, and k-NN",
  "tl_dr": "Covers Law of Large Numbers, Gaussian distribution, tail bounds, and the curse of dimensionality's impact on k-nearest neighbors.",
  "summary": "This document outlines key concepts in data science, including the Law of Large Numbers (LLN) and its interpretation of 'n', Gaussian distributions, and tail bounds (Markov, Chebyshev). It delves into the k-nearest neighbors (k-NN) algorithm, explaining its classification rule and the challenges posed by the curse of dimensionality. The text illustrates how increasing dimensions drastically affects distances between data points and their proximity to hyperplanes, impacting the effectiveness of algorithms like k-NN and SVM.",
  "sections": [
    {
      "heading": "Foundations of Data Science",
      "summary": "",
      "bullets": [],
      "important_quotes": []
    },
    {
      "heading": "Law of Large Numbers (LLN) and Curse of Dimensionality",
      "summary": "",
      "bullets": [],
      "important_quotes": []
    },
    {
      "heading": "Gaussian Distribution",
      "summary": "",
      "bullets": [],
      "important_quotes": []
    },
    {
      "heading": "Tail Bounds",
      "summary": "",
      "bullets": [],
      "important_quotes": []
    },
    {
      "heading": "Interpretation of 'n' in Law of Large Numbers",
      "summary": "",
      "bullets": [],
      "important_quotes": []
    },
    {
      "heading": "K-Nearest Neighbors (k-NN)",
      "summary": "",
      "bullets": [],
      "important_quotes": []
    },
    {
      "heading": "Distances in High Dimensions and k-NN",
      "summary": "",
      "bullets": [],
      "important_quotes": []
    },
    {
      "heading": "Curse of Dimensionality and k-NN",
      "summary": "",
      "bullets": [],
      "important_quotes": []
    },
    {
      "heading": "Distance between Points and Hyperplane in High Dimension",
      "summary": "",
      "bullets": [],
      "important_quotes": []
    },
    {
      "heading": "Sources",
      "summary": "",
      "bullets": [],
      "important_quotes": []
    }
  ],
  "action_items": [
    "Review the definition and implications of the Law of Large Numbers.",
    "Understand the properties and applications of Gaussian distributions.",
    "Study the Markov and Chebyshev tail bounds.",
    "Analyze the k-nearest neighbors algorithm and its assumptions.",
    "Grasp the concept of the curse of dimensionality and its effect on distance metrics.",
    "Consider the impact of high dimensionality on hyperplane-based classifiers."
  ],
  "questions": [
    "What is the primary interpretation of 'n' in the context of the Law of Large Numbers?",
    "How do tail bounds like Markov and Chebyshev help in understanding the behavior of random variables?",
    "What is the core assumption behind the k-nearest neighbors algorithm?",
    "How does the curse of dimensionality affect the performance of k-NN?",
    "In high-dimensional spaces, how do distances between points compare to their distances to hyperplanes?",
    "What are the implications of data points being close to hyperplanes for machine learning classifiers?"
  ],
  "flashcards": [
    {
      "question": "",
      "answer": ""
    }
  ]
}