{
  "jobId": "08ca31e4-3449-4a2f-a11c-4eef10cdc98c",
  "chunkIndex": 0,
  "attemptError": "Gemini API error: {\"error\":{\"code\":403,\"message\":\"Your API key was reported as leaked. Please use another API key.\",\"status\":\"PERMISSION_DENIED\"}}",
  "chunkPreview": "1  MgO  O 2-   r O   = 0.140 nm Mg   2+   r Mg   = 0.072 nm  r Mg   / r O   = 0.514  ∴   cations prefer octahedral sites  So each Mg   2+   has 6 neighbor oxygen atoms  MgO also have the NaCl structure\n2  AX Crystal Structures: CsCl  Cesium Chloride structure:  ∴   Since 0.732 < 0.939 < 1.0, cubic   sites preferred  So each Cs   +   has 8 neighbor Cl   -  AX–Type Crystal Structures include NaCl, CsCl, and zinc blende\nFig. 10.12: Cesium chloride (CsCl) crystal structure.\nZnS – Zinc Blende/Sphalerite Structure  •   Zn   2+   + S   2-  •   What is the CN ?  •   What should be the structure ?  Zn   2+   occupy tetrahedral sites\nMore Zinc Blende  So each Zn 2+   has 4 neighboring O 2-  Adapted from Fig. 12.4,   Callister 7e.  • Size arguments predict Zn   2+ in   O   H   sites,  • In observed structure Zn   2+ in   T   D   sites  •   Why is Zn   2+   in   T   D   sites?  •   bonding hybridization of zinc favors   T   D   sites  Ex: ZnO, ZnS, SiC  5\n6  • Consider CaF 2   :  • Based on this ratio, coord # = 8 and structure = CsCl.  • Result: CsCl structure w/only half the cation sites  occupied.  • Only half the cation sites  are occupied since  #Ca 2+   ions = 1/2 # F -   ions.  Adapted from Fig. 12.5,   Callister 6e.  A   m   X p   STRUCTURES  Empty  • Other fluorite structures: UO   2,   ThO   2   , ZrO   2   , CeO   2  • Antifluorite structure –   positions of cations and   anions reversed\nThe   perovskite structure ABO   3   shown here for PbTiO   3   which has a cubic structure in the paraelectric phase and tetragonal structure in the ferroelectric phase.  A   M   B   N   X P   -Type Crystal Structure  Ferroelectricity is a property of certain materials that have a spontaneous electric polarization that can be reversed by the application of an external electric field.  Paraelectricity is the ability of many materials (specifically ceramic crystals) to become polarized under an applied electric field\nUndistorted (cubic) perovskite structure\n9  ABX   3   Crystal Struct",
  "ts": 1770557230785
}