{
  "jobId": "4facdaef-225b-4840-b66a-03211bfb4093",
  "chunkIndex": 0,
  "error": "Gemini API error: {\"error\":{\"code\":403,\"message\":\"Your API key was reported as leaked. Please use another API key.\",\"status\":\"PERMISSION_DENIED\"}}",
  "chunkPreview": "BITS   Pilani  Pilani Campus  Foundations of Data Science (CS F320)  Dr. Bharat Richhariya  Assistant Professor, Dept. of CSIS  BITS Pilani\nBITS   Pilani  Pilani Campus  High dimensional spaces\nHigh dimensional space  •   Our   geometric   intuition   often   fails   in   higher   dimensions .  •   Many   properties   of   simple   objects,   such   as   higher   dimensional  analogs   of   cubes   and   spheres ,   are   very   counterintuitive .  Examples  •   Most   of   the   volume   of   high   dimensional   objects   is   near   the   surface .  •   The   volume   of   a   sphere   approaches   0   as   the   dimension   increases   to  high   values .  •   Vectors   in   high   dimensions   become   nearly   orthogonal .  3\nSpheres and cubes in 2 - d  •   Consider   a   square   with   side   length   1 .  •   At   each   corner   of   the   square   place   a   circle  of   radius   1 / 2 ,   so   that   the   circles   cover   the  edges   of   the   square .  •   Then,   consider   the   circle   centered   at   the  center   of   the   square   that   is   just   large  enough   to   touch   the   circles   at   the   corners  of   the   square .  1  1/2  4\nSpheres and cubes in 3 - d  5  Inner sphere is inside the cube\nSpheres and cubes in 3 - d  •   To   understand   what   happens   in   higher  dimensions,   we   need   to   compute   the   radius   of  the   inner   sphere   in   terms   of   the   dimension .  •   The   radius   of   the   inner   sphere   is   equal   to  1 / 2 (Length   of   diagonal   of   cube)   –   (Radius   of   sphere   at  the   corners) .  •   The   length   of   the   diagonal   is   𝑑 .  •   Thus,   the   radius   of   the   inner   sphere   is  𝑑  2   −   1  2   .  So,   the   radius   of   the   inner   sphere   is   increasing  with   the   dimension   𝑑 .  1  6\nSpheres and cubes in 3 - d  •   In   dimension,   2   and   3 ,   the   inner   sphere   is  inside   the   cube .  •   In   𝑑   =   4 ,   the   radius   ",
  "ts": 1770559810135
}