{
  "jobId": "55729be6-7ff5-4f2f-b3ad-8751bf515db6",
  "chunkIndex": 0,
  "errorPrimary": "{\"error\":{\"code\":403,\"message\":\"Your API key was reported as leaked. Please use another API key.\",\"status\":\"PERMISSION_DENIED\"}}",
  "errorRetry": "{\"error\":{\"code\":403,\"message\":\"Your API key was reported as leaked. Please use another API key.\",\"status\":\"PERMISSION_DENIED\"}}",
  "chunkPreview": "BITS   Pilani  Pilani Campus  Foundations of Data Science (CS F320)  Dr. Bharat Richhariya  Assistant Professor, Dept. of CSIS  BITS Pilani\nBITS   Pilani  Pilani Campus  Dimensionality reduction\nDimensionality reduction  3\nPrincipal component analysis  4\nSingular value decomposition  (SVD)  5\nSome properties of matrices  6\nSome properties of matrices  7\nSome properties of matrices  8  •   Spectral   theorem :   A   (   𝑛   ×   𝑛   )   real   matrix   M   is   orthogonally  diagonalizable   iff   M   is   symmetric .  •   Orthogonally   diagonalizable :   There   exists   an   orthogonal   matrix   Q  such   that   𝑄 𝑇 𝑀𝑄   =    ,   where      is   a   diagonal   matrix .\nWhat does these matrices do?  9\nWhat does this matrix do?  10  We need to calculate   eigenvectors   and   eigenvalues !\nEigendecomposition  •   Suppose   a   𝑛   ×   𝑛   matrix   𝐴   has   𝑛   linearly   independent   eigenvectors  { 𝑣 1 ,   𝑣 2 ,   .   .   .   ,   𝑣 𝑛 }   with   eigenvalues   { 𝜆 1 ,   .   .   .   ,   𝜆 𝑛 }   .   Then,   𝐴   can   be  decomposed   as  𝑨   =   𝑽   𝑫   𝑽 − 𝟏  where   𝐷   =   𝑑𝑖𝑎𝑔 ( 𝜆 )   is   a   diagonal   matrix .  11\n12\n13\n14\nSVD  15\n4 fundamentals spaces  16\nSVD  17  If   𝑟   is the rank of the matrix   𝐴 ,   𝑟   <   𝑛 ,   𝑟   <   𝑚\nFour fundamental subspaces  18\nSVD of   𝐴 𝑚 × 𝑛  19\n20\n21\n22\n23\n24\n25\n26\n27\n28\nAnswer: Need to use Gram - Schmidt process  29\n30\nSource: https://www.math.tamu.edu  For direction  31\n32\n33\nRotation   - > Scaling   - > Rotation  34\nPrincipal component analysis  35\nCovariance  36\n40\n41\n42\nFormulation  43\nFormulation  44\n45\n46\n47\n48\n50\n51\n52\n53\nNumber of PCs  •   For a dataset A of size   𝑚   ×   𝑛 , the number of PCs are equal to  1.   𝑚   −   1   if   𝑚   <   𝑛  2.   𝑛   if   𝑚   >   𝑛 .  55\nEigenfaces  56\nJAFFE Face Database  Jaffe Facial Emotion Database   57\nMean face  Mean face  58\nEigenfaces  Note: Here, #n represents n th   eigenface   59\nVariance graph  60\nImages Reconstruction usi",
  "timestamp": 1770553966033
}