{
  "jobId": "5f00c5c4-377b-4001-b87f-a517d0abc0dc",
  "chunkIndex": 0,
  "error": "Failed to parse model JSON output: Expected ',' or ']' after array element in JSON at position 1996 | preview: ```json\n{\n  \"title\": \"Foundations of Data Science (CS F320): High Dimensional Spaces\",\n  \"tl_dr\": \"Geometric intuition fails in high dimensions, leading to counterintuitive properties for objects like spheres and cubes, where most volume is near the surface and Gaussian distributions resemble soap bubbles, impacting data clustering.\",\n  \"summary\": \"This document explores the counterintuitive properties of high-dimensional spaces, a critical concept in Foundations of Data Science. It demonstrates how geometric intuition breaks down, showing that the volume of a sphere approaches zero as dimensions increase, and most of its volume is concentrated near its surface. The relationship between spheres and cubes is analyzed, revealing that an inner sphere can eventually extend outside a unit cube in higher dimensions. The text also discusses how Gaussian distributions in high dimensions resemble \\\"soap bubbles,\\\" with most probability mass concentrated in an annulus rather than the center, which has significant implications for data clustering and the importance of dimensionality reduction. The Gaussian Annulus Theorem further formalizes this concentration of probability mass.\",\n  \"sections\": [\n    {\n      \"heading\": \"Introduction to High Dimensional Spaces\",\n      \"content\": \"Geometric intuition often fails in higher dimensions, leading to counterintuitive properties for simple objects like cubes and spheres. Examples include most of the volume of high-dimensional objects being near the surface, the volume of a sphere approaching zero as dimension increases, and vectors becoming nearly orthogonal.\",\n      \"key_points\": [\n        \"Geometric intuition is unreliable in high dimensions.\",\n        \"Properties of simple objects (cubes, spheres) become counterintuitive.\",\n        \"Most volume of high-dimensional objects is near the surface.\",\n        \"Volume of a sphere ",
  "chunkPreview": "BITS   Pilani  Pilani Campus  Foundations of Data Science (CS F320)  Dr. Bharat Richhariya  Assistant Professor, Dept. of CSIS  BITS Pilani\nBITS   Pilani  Pilani Campus  High dimensional spaces\nHigh dimensional space  •   Our   geometric   intuition   often   fails   in   higher   dimensions .  •   Many   properties   of   simple   objects,   such   as   higher   dimensional  analogs   of   cubes   and   spheres ,   are   very   counterintuitive .  Examples  •   Most   of   the   volume   of   high   dimensional   objects   is   near   the   surface .  •   The   volume   of   a   sphere   approaches   0   as   the   dimension   increases   to  high   values .  •   Vectors   in   high   dimensions   become   nearly   orthogonal .  3\nSpheres and cubes in 2 - d  •   Consider   a   square   with   side   length   1 .  •   At   each   corner   of   the   square   place   a   circle  of   radius   1 / 2 ,   so   that   the   circles   cover   the  edges   of   the   square .  •   Then,   consider   the   circle   centered   at   the  center   of   the   square   that   is   just   large  enough   to   touch   the   circles   at   the   corners  of   the   square .  1  1/2  4\nSpheres and cubes in 3 - d  5  Inner sphere is inside the cube\nSpheres and cubes in 3 - d  •   To   understand   what   happens   in   higher  dimensions,   we   need   to   compute   the   radius   of  the   inner   sphere   in   terms   of   the   dimension .  •   The   radius   of   the   inner   sphere   is   equal   to  1 / 2 (Length   of   diagonal   of   cube)   –   (Radius   of   sphere   at  the   corners) .  •   The   length   of   the   diagonal   is   𝑑 .  •   Thus,   the   radius   of   the   inner   sphere   is  𝑑  2   −   1  2   .  So,   the   radius   of   the   inner   sphere   is   increasing  with   the   dimension   𝑑 .  1  6\nSpheres and cubes in 3 - d  •   In   dimension,   2   and   3 ,   the   inner   sphere   is  inside   the   cube .  •   In   𝑑   =   4 ,   the   radius   ",
  "ts": 1770570582146
}