{
  "jobId": "a3bec031-9368-4918-ac6b-d2a71ec2258f",
  "chunkIndex": 0,
  "attemptError": "Gemini API error: {\"error\":{\"code\":403,\"message\":\"Your API key was reported as leaked. Please use another API key.\",\"status\":\"PERMISSION_DENIED\"}}",
  "chunkPreview": "BITS   Pilani  Pilani Campus  Foundations of Data Science (CS F320)  Dr. Bharat Richhariya  Assistant Professor, Dept. of CSIS  BITS Pilani\nBITS   Pilani  Pilani Campus  Law of large numbers (LLN) and curse of  dimensionality\nGaussian distribution  Source: Wikipedia 3\nGaussian distribution  Source: Wikipedia 4\nTail bounds  •   For a random variable X, the tails of X are the parts of the PMF that  are “far” from its mean or E(X).  5\nTail bound (Markov)  6\nTail bound (Chebyshev)  7\nWhat is ‘n’ in Law of Large Numbers (LLN)?  •   ‘n’   is   the   sample   size   in   case   of   sample   mean   (Sampling   distribution   of  sample   mean) .  https : //onlinestatbook . com/stat_sim/sampling_dist/index . html  •   ‘n’   is   the   number   of   dimensions   in   distance   between   two   points   (Same  distances   in   high   dimensions) .  •   ‘n’   is   the   number   of   samples   if   we   take   multiple   independent   samples   of   a  random   variable   ‘x’   drawn   from   some   distribution,   and   then   take   the  average .   (Proportion   of   heads   in   coin   tosses) .  https : //www . math . mun . ca/~variyath/Stat_Applets/coinToss/coinToss . html  8  Lecture 4\nK - nearest neighbours  •   Assumption:   Similar data points have similar labels.  •   Classification rule:   For a test data   point   𝑥 , assign the most common label amongst  its   𝑘   most similar training inputs.  •   A binary classification example with   𝑘   =   3 .  •   The green point in the center is the test sample x.  •   The labels of the 3 neighbors are 2 × (+1) and 1 × ( - 1)  resulting in majority predicting (+1).  9\nDistances in high dimension and k - NN  •   Imagine   a   unit   cube   in   𝑑   dimensions .  •   All   training   data   is   sampled   uniformly   from   this   cube,   where   𝑛   is  the   number   of   training   data   points .  •   Let   𝑙   be   the   edge   length   of   the   smallest   hyper - cube   that  contains   all   k - nearest   neig",
  "ts": 1770558585151
}