{
  "jobId": "a4259c40-d888-4854-bbe6-afafe56442ea",
  "chunkIndex": 0,
  "attemptError": "Gemini API error: {\"error\":{\"code\":403,\"message\":\"Your API key was reported as leaked. Please use another API key.\",\"status\":\"PERMISSION_DENIED\"}}",
  "chunkPreview": "Arrays and String  An array is a collection of similar type of elements which is stored in a contiguous  memory location.  Java array   is an object which contains elements of a similar data type. Additionally, The  elements of an array are stored in a   contiguous memory location. It is a data structure where we  store similar elements. We can store only a fixed set of elements in a Java array.  Array in Java is index - based, the first element of the array is stored at the 0th index, 2nd element  is stored on   1st index and so on.  One Dimensional Array :  A list of items can be given one variable name using only one subscript such a variable is called  a single - scripted or one   – dimensional array.  Example  int a[]=new int[5];  for this array computer   reserve five memory locations as  a[0]   a[1]   a[2]   a[3]   a[4]  The values assigned to the array elements, as follows:  a[0]=20  a[1]=40  a[2]=45  a[3]=100  a[4]=55  Creating Array:  Array must be declared and created in computer memory before they   are used. Creation of array  involves three steps:  1.   Declare the array\n2.   Create memory locations  3.   Put values into the locations  Declaration of Arrays  Array in java may be declared in two forms.  Form1  Datatype Arrayname[   ];  Form2  Datatype[   ] Arrayname;  Exampl e:  int number[   ];  floar percentage   []  int[   ] count;  float[   ] average;  Creation of Arrays  After   declaring the array, we need to create it in the memory.  Java allows us to create arrays using   new   operator only, as below :  Arrayname=new   datatype[size];  Example:  number=new int[5];  average=new float[10];  these lines creates sufficient memory space for array number and average.  It is also possible to combine two steps   –   declaration and creation into one ,shown below :  int number [   ] = new i nt[5];  Initialization of Array: [ put values into array ]  Putting the values into the array is known as initialization . This is done using the array subscript  as",
  "ts": 1770556884310
}